organisation_id,territory_name,organisation_vertical,n_days,date_min,date_max,total_spend,total_target,n_active_channels,active_channels,spend_cv,target_cv,spend_target_corr,log_spend_range,score
200b4005ea8477754ef37438e66b2f4c,All Territories,Toys & Hobbies,1375,2020-05-29,2024-03-03,3253091.800652707,433336,5,"['google_paid_search_spend', 'google_shopping_spend', 'google_pmax_spend', 'google_display_spend', 'meta_facebook_spend']",1.1363234964614055,1.1560650929215732,0.9479943515982124,9.92068630248816,0.7443470457595277
8cfe3c2df337e1e53d19b8dc4b878cac,All Territories,Beauty & Fitness,924,2021-07-20,2024-01-29,5238278.907602225,90992,8,"['google_paid_search_spend', 'google_shopping_spend', 'google_pmax_spend', 'google_display_spend', 'google_video_spend', 'meta_facebook_spend', 'meta_instagram_spend', 'meta_other_spend']",1.5260438017524476,1.6403631112595554,0.9577090773611269,7.938048338894934,0.7218417178895794
7059e30b528ed5f14ee9921de13248e5,All Territories,Home & Garden,1642,2019-11-22,2024-05-20,2076258.4623396604,169714,5,"['google_paid_search_spend', 'google_shopping_spend', 'google_pmax_spend', 'google_video_spend', 'meta_facebook_spend']",0.7732570799213827,0.6372280350586068,0.80222060966006,5.767838937783829,0.7024293551962671
0a207553b5f7c71274137923e816b6a1,All Territories,Food & Drink,1051,2020-08-14,2023-06-30,640643.145145108,52080,5,"['google_paid_search_spend', 'google_shopping_spend', 'google_pmax_spend', 'google_display_spend', 'meta_facebook_spend']",1.638600329191303,1.5191298120733305,0.7029356404009759,9.117086276980066,0.674797835262153
4a762f02ca755b22d37393e8dbeab1a6,US,Apparel,1029,2021-07-26,2024-05-19,2661171.5399999996,105242,6,"['google_paid_search_spend', 'google_shopping_spend', 'google_pmax_spend', 'meta_facebook_spend', 'meta_instagram_spend', 'meta_other_spend']",0.7478983878632858,0.6656516159319391,0.9025892348700775,4.405151299142174,0.6424826572199389
4a762f02ca755b22d37393e8dbeab1a6,All Territories,Apparel,1030,2021-07-26,2024-05-20,3340028.327488266,135552,6,"['google_paid_search_spend', 'google_shopping_spend', 'google_pmax_spend', 'meta_facebook_spend', 'meta_instagram_spend', 'meta_other_spend']",0.732435269674579,0.6622772322116175,0.9022793445967102,4.6209831971132065,0.6409861538758828
09113a73f8618b48b3cf53b24cd78d2f,All Territories,Apparel,1450,2020-06-14,2024-06-02,864495.0699741361,171705,5,"['google_paid_search_spend', 'google_shopping_spend', 'google_pmax_spend', 'meta_facebook_spend', 'meta_instagram_spend']",0.7258713614545453,0.6972839383359501,0.69569092439319,4.742489148845995,0.6383189708591854
df208255d3c8eea8d60fb4ae697d20de,All Territories,Beauty & Fitness,1276,2020-11-21,2024-05-19,9071030.414269269,359805,7,"['google_paid_search_spend', 'google_shopping_spend', 'google_pmax_spend', 'google_video_spend', 'meta_facebook_spend', 'meta_instagram_spend', 'meta_other_spend']",0.5340518797375555,0.5896434654883802,0.8341899870473163,3.8115848811303996,0.6358437945962314
4a762f02ca755b22d37393e8dbeab1a6,UK,Apparel,941,2021-10-23,2024-05-20,540196.5,29588,6,"['google_paid_search_spend', 'google_shopping_spend', 'google_pmax_spend', 'meta_facebook_spend', 'meta_instagram_spend', 'meta_other_spend']",0.8056465800015391,0.7573690320054939,0.8536036485025355,7.780963129122248,0.6209975515229305
a085f316d1b9a87c7563ef017f534a8a,All Territories,Health,835,2021-12-26,2024-04-08,548453.3674442989,32807,5,"['google_paid_search_spend', 'google_shopping_spend', 'google_pmax_spend', 'google_display_spend', 'meta_facebook_spend']",1.1799214596231422,0.9714679277957947,0.7639928845333217,5.167422683005838,0.6164076012709115
6be433bd50b2da88aa18f31056a71ea2,All Territories,Apparel,463,2022-08-09,2023-11-14,1828817.6758905964,21513,8,"['google_paid_search_spend', 'google_shopping_spend', 'google_pmax_spend', 'google_display_spend', 'google_video_spend', 'meta_facebook_spend', 'meta_instagram_spend', 'meta_other_spend']",1.1449221617158523,1.4502627509011794,0.9506476455544439,10.499349028226453,0.6157915926477413
49770cde297d8d04547cef7498514c1c,All Territories,Apparel,730,2022-05-17,2024-05-15,624526.0200000001,85386,5,"['google_paid_search_spend', 'google_shopping_spend', 'google_pmax_spend', 'google_display_spend', 'meta_facebook_spend']",0.9046212817171909,0.8294915205437692,0.8806872261036042,4.601199848129579,0.6088944524848107
bfb6f6a326141ed6a751fc83ba836984,All Territories,Home & Garden,1654,2019-11-23,2024-06-02,2352877.112177492,495035,4,"['google_paid_search_spend', 'google_shopping_spend', 'google_pmax_spend', 'google_video_spend']",0.48443421508966344,0.4444767742453944,0.6742218034821542,4.7562162519031554,0.6068607335416194
32cdd76e4628ffd569c2064436367d01,All Territories,,836,2022-02-18,2024-06-02,1689037.0534318138,194884,5,"['google_paid_search_spend', 'google_shopping_spend', 'google_pmax_spend', 'google_display_spend', 'meta_facebook_spend']",0.6854113067761668,0.5657797902869216,0.8893001601556121,3.181574964844141,0.6046915442297257
0ae6004dde7db513cf79a9092671a860,All Territories,,768,2022-04-27,2024-06-02,470330.499715335,37436,4,"['google_paid_search_spend', 'google_shopping_spend', 'google_pmax_spend', 'meta_facebook_spend']",1.1758014415977667,1.133623145727749,0.8569642568486774,7.259469763452491,0.6043210488557277
784d6aa3cda59f59f2400332b2420a49,US,Apparel,1415,2020-04-21,2024-03-05,6309797.08,200958,7,"['google_paid_search_spend', 'google_shopping_spend', 'google_pmax_spend', 'google_display_spend', 'meta_facebook_spend', 'meta_instagram_spend', 'meta_other_spend']",0.5751804737228624,0.39748726636852355,0.6231587159575463,9.927418899827831,0.5964930750664604
258af10b41dedd7287d37831ccdc3759,All Territories,Apparel,1013,2020-04-23,2023-01-30,2820825.398536979,169008,5,"['google_paid_search_spend', 'google_shopping_spend', 'google_pmax_spend', 'google_video_spend', 'meta_facebook_spend']",1.0019659959316782,1.0741347354672053,0.669669073479584,9.706375988765712,0.5957289607004354
8d28b004d2d89ed65b035a9430c3eb8a,All Territories,Beauty & Fitness,622,2022-09-06,2024-05-19,2688791.2448330023,116276,7,"['google_paid_search_spend', 'google_pmax_spend', 'google_video_spend', 'meta_facebook_spend', 'meta_instagram_spend', 'meta_other_spend', 'tiktok_spend']",0.9318051379192265,0.826251592177402,0.8750817473566824,10.015790903373427,0.5945114343438731
5488b06e575cc0e13be2cd67325ffa33,All Territories,Apparel,923,2021-11-23,2024-06-02,968929871.2025508,164975,8,"['google_paid_search_spend', 'google_shopping_spend', 'google_pmax_spend', 'google_display_spend', 'google_video_spend', 'meta_facebook_spend', 'meta_instagram_spend', 'meta_other_spend']",0.6789772625766687,1.0098011358459102,0.8091279312599138,5.277303550566705,0.5924179445848129
1d2a1cd8e7b8f74c8e3e9f9c5cbaca5c,All Territories,Home & Garden,475,2022-06-01,2023-09-18,2051707.372085521,281570,6,"['google_paid_search_spend', 'google_shopping_spend', 'google_pmax_spend', 'meta_facebook_spend', 'meta_instagram_spend', 'meta_other_spend']",0.960303956416586,0.6045810975075034,0.9282338404640734,4.752989705391222,0.5923189372725997
eee3213700d652277941b8370c8c4dcf,Germany,Sports,945,2021-07-20,2024-02-19,2509365.83,109727,4,"['google_paid_search_spend', 'google_shopping_spend', 'google_pmax_spend', 'meta_facebook_spend']",0.7099404787000717,0.7940752998187401,0.8860236805105332,6.089913503472996,0.5917240532224818
e1b9e72f81403e1740a243cf82dc612b,All Territories,Food & Drink,611,2022-08-13,2024-04-14,1481559.137893335,10420,8,"['google_paid_search_spend', 'google_shopping_spend', 'google_pmax_spend', 'google_display_spend', 'google_video_spend', 'meta_facebook_spend', 'meta_instagram_spend', 'meta_other_spend']",0.8827239598055779,0.8527462156186244,0.8871634362706935,9.116348323055517,0.5916572920816402
784d6aa3cda59f59f2400332b2420a49,All Territories,Apparel,1415,2020-04-21,2024-03-05,13473499.022316944,597641,7,"['google_paid_search_spend', 'google_shopping_spend', 'google_pmax_spend', 'google_display_spend', 'meta_facebook_spend', 'meta_instagram_spend', 'meta_other_spend']",0.4913148350521988,0.3526877208803879,0.6342758863458277,4.338511945398912,0.5914416623158786
ab0b8d655e7140272cab371a515e009a,All Territories,Food & Drink,1180,2020-08-29,2023-11-21,1424598.759191873,72187,8,"['google_paid_search_spend', 'google_shopping_spend', 'google_pmax_spend', 'google_display_spend', 'google_video_spend', 'meta_facebook_spend', 'meta_instagram_spend', 'meta_other_spend']",0.9077318160512714,0.3974509985346884,0.6036115626071756,4.885017900084286,0.5903318074403924
7c374835f86c472c74023b035b9deef0,Australia,Apparel,986,2021-09-21,2024-06-02,1487861.53,109694,4,"['google_paid_search_spend', 'google_shopping_spend', 'google_pmax_spend', 'meta_facebook_spend']",0.6478127871145001,0.728363247253212,0.8748733017238585,4.4245616277773,0.5880199682577337
7c374835f86c472c74023b035b9deef0,All Territories,Apparel,986,2021-09-21,2024-06-02,1715518.324173396,126960,4,"['google_paid_search_spend', 'google_shopping_spend', 'google_pmax_spend', 'meta_facebook_spend']",0.6280984824925689,0.7159193069220118,0.8742807424304289,4.040121233376081,0.5858707700075118
882ce7e286d66facc66518783e2192c7,All Territories,Beauty & Fitness,1711,2019-09-27,2024-06-02,4051800.399834522,630667,5,"['google_paid_search_spend', 'google_shopping_spend', 'google_pmax_spend', 'meta_facebook_spend', 'meta_instagram_spend']",0.46654382847088655,0.5256500449776218,0.4827449897447025,3.378067381787349,0.5857668574975126
1f9e72d9e28ddf4cf571ea5768c25a30,All Territories,Home & Garden,1317,2020-02-01,2023-09-09,149716.97000000003,118417,4,"['google_paid_search_spend', 'google_shopping_spend', 'google_pmax_spend', 'meta_facebook_spend']",0.8714779189515317,0.7897067655154493,0.6316251916763208,5.98111113502849,0.584670757736142
eee3213700d652277941b8370c8c4dcf,All Territories,Sports,945,2021-07-20,2024-02-19,3304968.546405926,148022,4,"['google_paid_search_spend', 'google_shopping_spend', 'google_pmax_spend', 'meta_facebook_spend']",0.6541499077278505,0.7561633329789663,0.8742045220696476,5.732592882035316,0.5825992485929941
2b15eedfc4faa6293dc4b3bf8c1c9c1f,All Territories,Apparel,1576,2020-02-05,2024-05-29,896068.025354884,20415,7,"['google_paid_search_spend', 'google_shopping_spend', 'google_pmax_spend', 'google_display_spend', 'meta_facebook_spend', 'meta_instagram_spend', 'meta_other_spend']",0.5511278974540205,0.779031288813871,0.502880291911454,5.996833763131235,0.5809911548745207
ba773ebd7ec0a08f1d042187d086ccb4,All Territories,Business & Industrial,1610,2020-01-06,2024-06-02,7687312.367804197,1059108,4,"['google_paid_search_spend', 'google_shopping_spend', 'google_pmax_spend', 'meta_facebook_spend']",0.49251070872131747,0.5628288710498623,0.5987249144577766,3.6800636093831116,0.578737191697186
454371671557a9830df0f97d0b0b5c6d,All Territories,Health,875,2021-12-27,2024-05-19,1042100.6990861642,57236,3,"['google_paid_search_spend', 'google_pmax_spend', 'meta_facebook_spend']",1.073731681896109,1.058435496784353,0.8529772219669328,8.750442309058718,0.5781949470012784
784d6aa3cda59f59f2400332b2420a49,UK,Apparel,1389,2020-04-21,2024-02-08,8140192.310000001,380869,7,"['google_paid_search_spend', 'google_shopping_spend', 'google_pmax_spend', 'google_display_spend', 'meta_facebook_spend', 'meta_instagram_spend', 'meta_other_spend']",0.4355738287804576,0.3646426603762063,0.6172987434354253,3.710974563945923,0.5770622543381423
72a86a208d24d68b80be0e44a8a4872d,All Territories,Autos & Vehicles,1751,2019-08-16,2024-05-31,674755.92220484,55405,3,"['google_paid_search_spend', 'google_shopping_spend', 'google_pmax_spend']",0.4303879525115594,0.39535065065314284,0.6316197443600198,2.8383915531638073,0.5725247185591619
70f3b9fb9a8f232814ce705d7641ee4f,All Territories,Apparel,1323,2020-10-05,2024-05-19,567047.2571272256,51735,5,"['google_paid_search_spend', 'google_shopping_spend', 'google_pmax_spend', 'google_display_spend', 'meta_facebook_spend']",0.7042373493105153,0.9601426733756809,0.5440150770543914,7.484382832614114,0.5725203197264095
ba773ebd7ec0a08f1d042187d086ccb4,US,Business & Industrial,1600,2020-01-16,2024-06-02,2344112.5900000003,270056,4,"['google_paid_search_spend', 'google_shopping_spend', 'google_pmax_spend', 'meta_facebook_spend']",0.6557130011888616,0.7307967681056255,0.5255607198947826,3.991280767649849,0.5716804070067956
8d85172419d0499b1e601c1a4e9b0a45,All Territories,Home & Garden,494,2022-05-30,2023-10-05,891413.735256274,7674,7,"['google_paid_search_spend', 'google_shopping_spend', 'google_pmax_spend', 'meta_facebook_spend', 'meta_instagram_spend', 'meta_other_spend', 'tiktok_spend']",0.7951748821916443,0.9302310944585116,0.905051918364752,9.21246411523617,0.5715641887999777
f7e5ba45e3e337e8e90787ae0218a7ac,All Territories,Home & Garden,1091,2021-06-08,2024-06-02,1650639.2932643758,91660,7,"['google_paid_search_spend', 'google_shopping_spend', 'google_pmax_spend', 'google_display_spend', 'meta_facebook_spend', 'meta_instagram_spend', 'meta_other_spend']",0.6426373900308453,0.4470310495684232,0.6659639336400337,4.275585697482575,0.5698210515908114
429c8d00704a9ef6307b49f22d5dfade,All Territories,Business & Industrial,1223,2021-01-14,2024-05-20,7120030.858279429,841371,6,"['google_paid_search_spend', 'google_shopping_spend', 'google_pmax_spend', 'meta_facebook_spend', 'meta_instagram_spend', 'meta_other_spend']",0.4280144574985754,0.5776475311557019,0.6579048271040061,2.654844817526145,0.5647873998776327
aec6d5de0a55d5d6d7631de063ee8221,All Territories,Beauty & Fitness,1290,2020-11-08,2024-05-20,595789.3417786328,52829,5,"['google_paid_search_spend', 'google_shopping_spend', 'google_pmax_spend', 'google_video_spend', 'meta_facebook_spend']",0.8053943169572604,0.7506808410476081,0.49626328745902853,7.333851487009553,0.563598886237261
882ce7e286d66facc66518783e2192c7,UK,Beauty & Fitness,1711,2019-09-27,2024-06-02,2996592.8099999996,356719,4,"['google_paid_search_spend', 'google_shopping_spend', 'google_pmax_spend', 'meta_facebook_spend']",0.4722045202631131,0.5238941090523015,0.4960042233282974,3.980517159673587,0.5603106967518137
849e0a6b9077f95c1dae49f41892cdca,All Territories,Sports,725,2022-06-08,2024-06-01,434341.40703868854,27137,7,"['google_paid_search_spend', 'google_shopping_spend', 'google_pmax_spend', 'google_video_spend', 'meta_facebook_spend', 'meta_instagram_spend', 'meta_other_spend']",1.3839948928479944,0.6833882148040671,0.5553305976689928,8.849217802739547,0.5585109472833842
246b6e2ff861fde47d3bc5f5fdae92a8,All Territories,Arts & Entertainment,766,2022-04-16,2024-05-20,847392.7881966626,98110,6,"['google_paid_search_spend', 'google_shopping_spend', 'google_pmax_spend', 'google_display_spend', 'meta_facebook_spend', 'meta_instagram_spend']",0.45679555142151035,0.5164791440876391,0.8427031542682638,5.0314026895779715,0.5578565779503286
e6b75c2d5665773c58e0f736f99117e6,All Territories,Beauty & Fitness,1082,2020-07-14,2023-06-30,538219.6325265879,106080,5,"['google_paid_search_spend', 'google_shopping_spend', 'google_pmax_spend', 'google_display_spend', 'meta_facebook_spend']",0.6863360055153771,1.302055456558191,0.6045913384080452,3.559528511651176,0.554494154558246
f7e5ba45e3e337e8e90787ae0218a7ac,UK,Home & Garden,1088,2021-06-08,2024-05-30,1003853.7699999999,74494,7,"['google_paid_search_spend', 'google_shopping_spend', 'google_pmax_spend', 'google_display_spend', 'meta_facebook_spend', 'meta_instagram_spend', 'meta_other_spend']",0.5217317321895965,0.44191009974230394,0.6494612260275632,3.8048710362423845,0.5523513468524713
088510f2efdfd515473f8db631b732e6,All Territories,Home & Garden,1278,2019-12-26,2023-06-25,159729.94,28745,5,"['google_paid_search_spend', 'google_shopping_spend', 'google_pmax_spend', 'google_video_spend', 'meta_facebook_spend']",0.7484906328420772,0.5669955020837989,0.47584199796395715,5.650437398150508,0.5500688242953252
76d1d35d893b943b098102e5e32f30ce,All Territories,Apparel,1425,2020-06-25,2024-05-19,490411.462413935,61517,4,"['google_paid_search_spend', 'google_shopping_spend', 'google_pmax_spend', 'meta_facebook_spend']",0.8146223609480218,0.781386781984313,0.4772370469729161,7.691930757889646,0.5480885186618341
f7e5ba45e3e337e8e90787ae0218a7ac,US,Home & Garden,701,2022-07-03,2024-06-02,733843.8200000001,12608,5,"['google_paid_search_spend', 'google_pmax_spend', 'meta_facebook_spend', 'meta_instagram_spend', 'meta_other_spend']",0.6920136185473656,0.5975134366382641,0.7588316242791404,8.26872413978046,0.5469365144725735
246b6e2ff861fde47d3bc5f5fdae92a8,US,Arts & Entertainment,754,2022-04-28,2024-05-20,391650.77,28224,5,"['google_paid_search_spend', 'google_shopping_spend', 'google_pmax_spend', 'google_display_spend', 'meta_facebook_spend']",0.5268130050060599,0.519181971452408,0.7881080870279974,3.3968810465792636,0.5467664964548076
246b6e2ff861fde47d3bc5f5fdae92a8,UK,Arts & Entertainment,766,2022-04-16,2024-05-20,419463.63,57541,6,"['google_paid_search_spend', 'google_shopping_spend', 'google_pmax_spend', 'google_display_spend', 'meta_facebook_spend', 'meta_instagram_spend']",0.4612659066828949,0.5694426384710363,0.8032253171212177,4.594837957183476,0.5464602623323532
7569a6a9c156a0f9398fa6cfd51df5bb,US,Food & Drink,821,2021-10-15,2024-01-13,8184572.029999999,245106,8,"['google_paid_search_spend', 'google_shopping_spend', 'google_pmax_spend', 'google_video_spend', 'meta_facebook_spend', 'meta_instagram_spend', 'meta_other_spend', 'tiktok_spend']",0.5546045767958205,0.48367445116946,0.735197228825882,2.702981265231756,0.543238358480402
2467db871d8ebb9f6dfb22f03e78fdca,All Territories,Home & Garden,1097,2021-04-10,2024-04-10,4407617.37573747,102900,4,"['google_paid_search_spend', 'google_shopping_spend', 'google_pmax_spend', 'meta_facebook_spend']",0.4980487144692917,0.5048404440915204,0.722036884862547,3.4485096159197823,0.543040722742358
33e0bf5f8d0d5073582ce096b055c472,All Territories,Food & Drink,1035,2021-07-27,2024-05-26,3767310.957061707,300197,3,"['meta_facebook_spend', 'meta_instagram_spend', 'meta_other_spend']",0.9005956174951832,0.7949159204234649,0.7135084395258499,9.971993885866583,0.5418847949208083
882ce7e286d66facc66518783e2192c7,Germany,Beauty & Fitness,1711,2019-09-27,2024-06-02,785725.23,75946,3,"['google_paid_search_spend', 'google_shopping_spend', 'meta_facebook_spend']",0.6355534136842207,0.5978650237660336,0.4780437410149451,4.35074978864799,0.5412574413999187
f1b558c0c4d81cfae7859504808f2d9c,All Territories,Apparel,1156,2021-03-03,2024-05-01,695184.0415946167,116724,5,"['google_paid_search_spend', 'google_shopping_spend', 'meta_facebook_spend', 'meta_instagram_spend', 'meta_other_spend']",0.6245730555595269,0.4600772947962544,0.5388710080664724,3.778088934336934,0.5391671516652148
a310b67ecfa839debf57014dea9c9b34,All Territories,,634,2022-09-08,2024-06-02,784224.1961353284,25439,5,"['google_pmax_spend', 'meta_facebook_spend', 'meta_instagram_spend', 'meta_other_spend', 'tiktok_spend']",0.7404591846275641,0.9004048385067226,0.7460208095658234,4.005223175833604,0.5383718643593453
ba773ebd7ec0a08f1d042187d086ccb4,Canada,Business & Industrial,1357,2020-09-15,2024-06-02,706391.8,45343,3,"['google_paid_search_spend', 'google_shopping_spend', 'google_pmax_spend']",0.8710381689885435,1.0960492559972685,0.554773668571849,8.360901888756533,0.5372823480814883
eee3213700d652277941b8370c8c4dcf,Austria,Sports,945,2021-07-20,2024-02-19,561635.4400000001,27580,4,"['google_paid_search_spend', 'google_shopping_spend', 'google_pmax_spend', 'meta_facebook_spend']",0.6939524166718039,0.7661918479815661,0.7043833351026705,5.577343520215056,0.5356331433972962
2a388902225d4399155f80ebf577901d,All Territories,Home & Garden,507,2020-04-23,2021-09-11,1279248.3870743392,24894,4,"['google_paid_search_spend', 'google_shopping_spend', 'google_display_spend', 'google_video_spend']",0.9161636101740996,1.0679692050008245,0.8383579587197595,9.719236556710559,0.5355109559434463
7569a6a9c156a0f9398fa6cfd51df5bb,All Territories,Food & Drink,821,2021-10-15,2024-01-13,9045383.708762467,297333,8,"['google_paid_search_spend', 'google_shopping_spend', 'google_pmax_spend', 'google_video_spend', 'meta_facebook_spend', 'meta_instagram_spend', 'meta_other_spend', 'tiktok_spend']",0.5286178083474885,0.4426068476641033,0.7076804428224535,2.5161083651599156,0.5323846458345403
074c74173cddd7d2aa14cf83841accb5,All Territories,Health,974,2021-09-23,2024-05-23,366191.80392104853,24771,7,"['google_paid_search_spend', 'google_shopping_spend', 'google_pmax_spend', 'meta_facebook_spend', 'meta_instagram_spend', 'meta_other_spend', 'tiktok_spend']",0.621870018724198,0.8427184192830417,0.5987785753837858,2.728584860298411,0.5308839668347857
ba773ebd7ec0a08f1d042187d086ccb4,France,Business & Industrial,1529,2020-03-27,2024-06-02,588464.72,72640,3,"['google_paid_search_spend', 'google_shopping_spend', 'google_pmax_spend']",0.6963514149206295,0.89046447667975,0.5096173572179346,7.607942619358225,0.5308241750423662
ba773ebd7ec0a08f1d042187d086ccb4,UK,Business & Industrial,1551,2020-03-05,2024-06-02,2880726.61,325066,4,"['google_paid_search_spend', 'google_shopping_spend', 'google_pmax_spend', 'meta_facebook_spend']",0.40948378067703034,0.49355995889681736,0.48731851404224474,3.980517159673587,0.5285888209154421
6abecf4bd2d8313b22087e5d00f2412c,All Territories,Other,592,2022-03-13,2023-10-25,505925.140604942,10239,4,"['google_paid_search_spend', 'google_shopping_spend', 'google_pmax_spend', 'meta_facebook_spend']",0.8501418966638389,0.6289250788894015,0.7922840624973234,4.90370092520485,0.5272225380557864
eb830407a05a61a3bef88f720abf9500,All Territories,Health,484,2023-01-31,2024-05-28,18658.34,13355,3,"['google_paid_search_spend', 'google_shopping_spend', 'google_pmax_spend']",1.0171254266596177,0.8779549308883875,0.8854869399413404,4.087482414611624,0.526461994151505
b01972e6c57c03554eb44d28aa7a92c1,All Territories,Other,747,2021-10-08,2023-10-24,175542.75968519002,19452,4,"['google_paid_search_spend', 'google_shopping_spend', 'google_pmax_spend', 'meta_facebook_spend']",0.5703857729443209,0.8307893900143543,0.8062170020342129,4.443585009447672,0.5255570188527257
429c8d00704a9ef6307b49f22d5dfade,US,Business & Industrial,1193,2021-02-13,2024-05-20,2035450.8499999999,205151,4,"['google_paid_search_spend', 'google_shopping_spend', 'google_pmax_spend', 'meta_facebook_spend']",0.5711799929082165,0.7736546824589201,0.5919766341364127,2.9151394350199684,0.5250422288235786
5eee795d7a3ae7fef2813691ca333fab,All Territories,,965,2021-10-12,2024-06-02,114760.306647838,71267,7,"['google_paid_search_spend', 'google_shopping_spend', 'google_pmax_spend', 'google_video_spend', 'meta_facebook_spend', 'meta_instagram_spend', 'meta_other_spend']",0.816655642213823,0.5804195280124161,0.5040662547203117,5.924845009109466,0.520663852973284
4669588367420515992d3cc3d0a1a773,All Territories,,528,2022-12-23,2024-06-02,5256168.575177603,800832,2,"['google_pmax_spend', 'meta_facebook_spend']",1.5186992174269476,0.8731055550999565,0.7544193661357863,3.9553800167873536,0.5135812255868573
c5fbe353800204351f2768f90d703b38,Denmark,Apparel,571,2022-10-28,2024-05-20,7059014.24,86781,4,"['google_paid_search_spend', 'google_shopping_spend', 'google_pmax_spend', 'meta_facebook_spend']",0.7393065163488494,1.2003447090535022,0.7866250188191263,3.927904940948374,0.5114430002275103
3fb90b66bd509e5c19fb5353d34fae3f,All Territories,Apparel,1227,2019-10-27,2023-03-06,1883507.1978442988,254906,7,"['google_paid_search_spend', 'google_shopping_spend', 'google_pmax_spend', 'google_display_spend', 'meta_facebook_spend', 'meta_instagram_spend', 'meta_other_spend']",0.46557455508716095,0.6653954167975146,0.46431616471516335,5.02723700617848,0.5110379131471372
c5fbe353800204351f2768f90d703b38,All Territories,Apparel,571,2022-10-28,2024-05-20,9783861.218000142,107652,4,"['google_paid_search_spend', 'google_shopping_spend', 'google_pmax_spend', 'meta_facebook_spend']",0.6348323906459419,1.07215346170057,0.8016544998229419,3.8841387701082724,0.5055044319583643
429c8d00704a9ef6307b49f22d5dfade,Canada,Business & Industrial,1223,2021-01-14,2024-05-20,691832.3500000001,43178,3,"['google_paid_search_spend', 'google_shopping_spend', 'google_pmax_spend']",0.7960471886394085,1.0748901293574231,0.5361970067046216,6.275229797326062,0.5050783268719007
3ddd831572f29d3ccdc0c731691e5e07,All Territories,Travel,1166,2021-03-20,2024-05-28,384112.57087962714,13449,4,"['google_paid_search_spend', 'google_shopping_spend', 'google_display_spend', 'meta_facebook_spend']",0.53688636866268,0.5645684981972066,0.5477164285810321,7.548428434553264,0.5044798646981448
429c8d00704a9ef6307b49f22d5dfade,UK,Business & Industrial,891,2021-12-12,2024-05-20,1705414.5,170203,5,"['google_paid_search_spend', 'google_shopping_spend', 'google_pmax_spend', 'meta_facebook_spend', 'meta_instagram_spend']",0.3811666288757987,0.4868726470501144,0.6257205156671352,2.890546718234993,0.5030458387185028
b264e0f09c25d4b3c6cad60ff87b9b30,All Territories,Apparel,683,2022-02-08,2023-12-22,222892.7313473946,13209,5,"['google_paid_search_spend', 'google_pmax_spend', 'meta_facebook_spend', 'meta_instagram_spend', 'meta_other_spend']",0.8875955823438128,1.3340553491271416,0.5463707627782138,4.079417307118954,0.5001864923790962
058b38dc1b5a87a8d9338196cd024d47,UK,,458,2022-03-30,2023-06-30,733996.74,54283,7,"['google_paid_search_spend', 'google_shopping_spend', 'google_pmax_spend', 'google_display_spend', 'meta_facebook_spend', 'meta_instagram_spend', 'meta_other_spend']",0.5141397777513865,0.5343364017643233,0.7727026336743502,2.578042265329148,0.4986159729031433
7569a6a9c156a0f9398fa6cfd51df5bb,Canada,Food & Drink,821,2021-10-15,2024-01-13,390721.12,15334,5,"['google_paid_search_spend', 'google_shopping_spend', 'google_pmax_spend', 'meta_facebook_spend', 'tiktok_spend']",0.6815440304215112,0.5385763513957278,0.5414849877227507,5.0639339487054515,0.49781863151203176
429c8d00704a9ef6307b49f22d5dfade,Hong Kong,Business & Industrial,913,2021-11-19,2024-05-19,798890.72,18840,3,"['google_paid_search_spend', 'google_shopping_spend', 'google_pmax_spend']",1.281260032812409,1.4253145882345437,0.49765422193662473,5.055088648027006,0.4977763532431535
ba773ebd7ec0a08f1d042187d086ccb4,Hong Kong,Business & Industrial,927,2021-11-19,2024-06-02,831814.1599999999,19153,3,"['google_paid_search_spend', 'google_shopping_spend', 'google_pmax_spend']",1.2575514634613403,1.4131239776977087,0.491717455640851,5.055088648027006,0.4956233242148599
ba773ebd7ec0a08f1d042187d086ccb4,Germany,Business & Industrial,1610,2020-01-06,2024-06-02,758796.15,73034,2,"['google_paid_search_spend', 'google_shopping_spend']",0.6163100068104168,0.5805091610258634,0.47001102112892457,3.563208039518142,0.49250295350744033
c5fbe353800204351f2768f90d703b38,Norway,Apparel,571,2022-10-28,2024-05-20,1276060.4500000002,5851,4,"['google_paid_search_spend', 'google_shopping_spend', 'google_pmax_spend', 'meta_facebook_spend']",0.5969476519309325,0.9860029436345055,0.768555945762935,4.043054824076066,0.4917863918688612
04769dac8b828ec7a85676d9e2bffe6f,All Territories,Beauty & Fitness,509,2022-07-29,2023-12-19,336573.6724934189,28163,6,"['google_paid_search_spend', 'google_pmax_spend', 'google_display_spend', 'meta_facebook_spend', 'meta_instagram_spend', 'meta_other_spend']",0.8420724256536345,1.0812054328113896,0.6073280613380245,3.906395533109877,0.48907841939052865
069f2de2afe9a57d7265a13c52150354,All Territories,,487,2022-12-09,2024-04-08,1990313.2111741414,27401,5,"['google_paid_search_spend', 'google_shopping_spend', 'google_pmax_spend', 'google_video_spend', 'meta_facebook_spend']",0.4524770785873013,0.3878102225959252,0.7386099610551847,2.7738782248466727,0.48636239234890066
15381c4f5db0c4003da170030e12801b,All Territories,,460,2023-02-11,2024-05-15,131292.43999999997,35529,2,"['google_paid_search_spend', 'google_pmax_spend']",0.9133603231989474,0.7818076279987491,0.891384366770221,4.185177230393446,0.48442809849030993
be42d9eb5dd05a69fa22ea9da209cc7f,All Territories,Food & Drink,559,2022-11-08,2024-05-19,3164366.75,213524,5,"['google_pmax_spend', 'google_video_spend', 'meta_facebook_spend', 'meta_instagram_spend', 'meta_other_spend']",0.5466922626888848,0.48673126411922407,0.6653167786835957,4.879948895432786,0.4840757961389587
ba773ebd7ec0a08f1d042187d086ccb4,Italy,Business & Industrial,1515,2020-04-10,2024-06-02,318201.15,29458,2,"['google_paid_search_spend', 'google_shopping_spend']",0.594629318275417,0.6886370043676584,0.4746233834252415,4.16000850965087,0.4781549154444916
098228bbe36aa86c8592de76f2447959,All Territories,Home & Garden,1369,2020-09-02,2024-06-01,108551.41,20966,4,"['google_paid_search_spend', 'google_shopping_spend', 'google_pmax_spend', 'google_display_spend']",0.3784283178723273,0.4184209716489594,0.41348767784996193,5.195453731088797,0.47734887243519675
265fb78dc0d56fcbaa3e469d56120bcc,All Territories,Beauty & Fitness,459,2022-03-29,2023-06-30,823948.4350214162,8248,5,"['google_paid_search_spend', 'google_pmax_spend', 'meta_facebook_spend', 'meta_instagram_spend', 'meta_other_spend']",0.4846428995056148,0.4780945965285616,0.7043511277415488,2.2318747798584244,0.47530360885555045
c5fbe353800204351f2768f90d703b38,Sweden,Apparel,571,2022-10-28,2024-05-20,2790362.5,13776,4,"['google_paid_search_spend', 'google_shopping_spend', 'google_pmax_spend', 'meta_facebook_spend']",0.5067261507152828,0.5888362144329384,0.7413420481741182,3.8406417832114226,0.4746000724706512
058b38dc1b5a87a8d9338196cd024d47,All Territories,,458,2022-03-30,2023-06-30,1087624.0987059332,67921,7,"['google_paid_search_spend', 'google_shopping_spend', 'google_pmax_spend', 'google_display_spend', 'meta_facebook_spend', 'meta_instagram_spend', 'meta_other_spend']",0.44602460426309565,0.4689224497512638,0.712856934288127,2.145551319016879,0.4738507457384473
93dce3c85055adb326d79aaa7d549134,All Territories,Home & Garden,1123,2021-05-05,2024-05-31,5051385.548032411,104866,6,"['google_paid_search_spend', 'google_shopping_spend', 'google_display_spend', 'meta_facebook_spend', 'meta_instagram_spend', 'meta_other_spend']",0.5535478569208553,0.3962997813856638,0.3371481570754095,4.49738959309526,0.4668361831288146
7c374835f86c472c74023b035b9deef0,New Zealand,Apparel,711,2022-06-23,2024-06-02,207195.50999999998,12559,4,"['google_paid_search_spend', 'google_shopping_spend', 'google_pmax_spend', 'meta_facebook_spend']",0.3922255927927078,0.5541639778359799,0.6857957697711223,3.114181591299847,0.46647471111294897
0b077049ec0b346792ab541b7b8e2cbe,All Territories,Health,761,2020-12-31,2023-01-30,106951.52078649901,12722,5,"['google_paid_search_spend', 'google_shopping_spend', 'meta_facebook_spend', 'meta_instagram_spend', 'meta_other_spend']",0.9241841539150795,0.3833097267389543,0.38047559380003404,4.300255564787502,0.4652132922750932
0d1fc3f1715b0c65776780e7ad8ac7df,All Territories,Beauty & Fitness,1220,2019-07-21,2022-11-21,2939626.3377093268,395410,2,"['google_paid_search_spend', 'google_shopping_spend']",0.5195310837095206,0.5074445965575183,0.5935825660913059,5.25052384862128,0.46421405752444317
d7c14c27fc318d0c53327638260eda8a,All Territories,Pets & Animals,791,2021-12-26,2024-02-24,172057.66649507597,16748,3,"['google_paid_search_spend', 'google_pmax_spend', 'meta_facebook_spend']",0.6724158815352144,1.1386061728427341,0.6400310796047676,6.864440596962838,0.46218637748326696
0d1fc3f1715b0c65776780e7ad8ac7df,UK,Beauty & Fitness,1210,2019-07-31,2022-11-21,1588111.12,253225,2,"['google_paid_search_spend', 'google_shopping_spend']",0.572568635401834,0.5164854631645605,0.566860601390181,3.9804485231383326,0.46007346771509033
3b2d18b6a9553039fa93be50a343e027,All Territories,,630,2022-09-11,2024-06-01,720065.33,27253,7,"['google_paid_search_spend', 'google_shopping_spend', 'google_pmax_spend', 'google_display_spend', 'meta_facebook_spend', 'meta_instagram_spend', 'meta_other_spend']",0.4972661414302321,0.5071639346558263,0.5415095539757003,3.7490217995766777,0.45212808113527647
058b38dc1b5a87a8d9338196cd024d47,US,,458,2022-03-30,2023-06-30,253944.78999999998,7681,5,"['google_paid_search_spend', 'google_pmax_spend', 'meta_facebook_spend', 'meta_instagram_spend', 'meta_other_spend']",0.5777140161788525,0.4970484094845264,0.5920590681018654,3.666261377423549,0.4507803270741445
7a801df71696ceb035e3503253cb15cf,All Territories,Consumer Electronics,466,2023-02-23,2024-06-02,493989.600847518,28545,2,"['google_paid_search_spend', 'google_pmax_spend']",0.4431451863324309,0.4861551805657958,0.9241380509395416,7.862483898619409,0.4480893433954025
35249ee3fae02a5749d359e07eca75c9,All Territories,Beauty & Fitness,734,2021-05-05,2023-05-08,1281791.98328004,175496,6,"['google_paid_search_spend', 'google_shopping_spend', 'google_pmax_spend', 'meta_facebook_spend', 'meta_instagram_spend', 'meta_other_spend']",0.8654381007506822,1.6285682456244364,0.3534499949044066,8.632443244000111,0.4473760672556991
ba773ebd7ec0a08f1d042187d086ccb4,Australia,Business & Industrial,1357,2020-09-15,2024-06-02,943342.73,65639,3,"['google_paid_search_spend', 'google_shopping_spend', 'google_pmax_spend']",0.5502125384470035,1.049840161115145,0.3535217094200517,7.319429732587363,0.44482419728179523
429c8d00704a9ef6307b49f22d5dfade,Australia,Business & Industrial,634,2022-08-26,2024-05-20,505609.11,27924,3,"['google_paid_search_spend', 'google_shopping_spend', 'google_pmax_spend']",0.5167057969116938,0.6816468751708268,0.6974731974973565,7.405193134438575,0.4414322419672181
7569a6a9c156a0f9398fa6cfd51df5bb,UK,Food & Drink,453,2022-05-20,2023-08-15,77108.15999999999,3623,6,"['google_paid_search_spend', 'google_shopping_spend', 'google_pmax_spend', 'meta_facebook_spend', 'meta_instagram_spend', 'meta_other_spend']",0.9813722274996844,0.6087831781328074,0.4080452998298642,6.215013421673029,0.4352281399405039
df2cbe9195e5f2bde9200435682a5f79,All Territories,Home & Garden,678,2022-07-22,2024-05-29,120023.12999999999,8358,4,"['google_paid_search_spend', 'google_shopping_spend', 'google_pmax_spend', 'google_display_spend']",0.43281780121534386,0.5721243784142972,0.5643327142457091,3.9716874628677963,0.42938342192237444
c91b1af7a86a8531877e63273d95c0fb,All Territories,Sports,980,2020-10-24,2023-06-30,50935.01409662565,24463,4,"['google_paid_search_spend', 'google_shopping_spend', 'google_pmax_spend', 'meta_facebook_spend']",1.0634107271911255,0.6551860937839498,0.18465029636378993,5.617131586290012,0.42165620731642767
d21504538db0b60b7c7884711fa89371,All Territories,Home & Garden,673,2022-03-07,2024-01-08,1530849.4507109337,46248,8,"['google_paid_search_spend', 'google_shopping_spend', 'google_pmax_spend', 'google_display_spend', 'google_video_spend', 'meta_facebook_spend', 'meta_instagram_spend', 'meta_other_spend']",0.7006250056130954,1.0655204712447177,0.3176959426852811,9.401482371173358,0.41145923310989785
ff5c2c32d7f1c21594c518fc6a6d4fce,All Territories,Apparel,1064,2021-06-21,2024-05-19,1685493.6481635803,27919,4,"['google_paid_search_spend', 'google_shopping_spend', 'google_pmax_spend', 'meta_facebook_spend']",0.41455033072832265,1.0828934045283283,0.3178535899204876,4.293646388795119,0.4087243025104291
0e2793fc272def8aa56ece30bab692dd,All Territories,Health,794,2021-10-17,2023-12-19,11978670.33,365291,2,"['google_paid_search_spend', 'google_shopping_spend']",1.4115687572728919,0.6980372168096052,0.30241486163792874,12.043230605014125,0.4052451263374571
0d1fc3f1715b0c65776780e7ad8ac7df,Australia,Beauty & Fitness,1190,2019-07-25,2022-10-26,519174.80999999994,59173,2,"['google_paid_search_spend', 'google_shopping_spend']",0.8033773939880479,1.050016236615093,0.3062827361759929,7.694929998932954,0.40212547287296185
fd215d1327fbaa28cc16cd52a8e6bcac,All Territories,,803,2022-03-23,2024-06-02,163393.12,59235,3,"['google_paid_search_spend', 'google_shopping_spend', 'google_pmax_spend']",0.37998677724524127,0.31691305420171567,0.5274880740775839,4.733152290155319,0.40089387207801064
429c8d00704a9ef6307b49f22d5dfade,Spain,Business & Industrial,506,2023-01-01,2024-05-20,149449.93,10451,2,"['google_shopping_spend', 'google_pmax_spend']",0.6330630285454366,0.8917486225709631,0.6819827412602072,3.5901288826226856,0.40014555698588966
78740ae9bb7a77b69532a81e933fd89c,All Territories,Beauty & Fitness,452,2021-11-14,2023-02-08,545529.0700000001,3425,6,"['google_paid_search_spend', 'google_shopping_spend', 'google_pmax_spend', 'meta_facebook_spend', 'meta_instagram_spend', 'meta_other_spend']",0.47507800435464154,0.5199509806934159,0.45128373062500743,4.612460479088242,0.39742747130771794
66fe6c9f882f85816c126a39723fe1b9,All Territories,Food & Drink,577,2021-12-01,2023-06-30,578049.33433806,28426,6,"['google_paid_search_spend', 'google_shopping_spend', 'google_pmax_spend', 'meta_facebook_spend', 'meta_instagram_spend', 'meta_other_spend']",0.24428702796378737,0.4526825521515436,0.45646404214927533,2.7065698530756004,0.3937494117289968
2eba9f633c46be6dd29e6eb932cf847a,All Territories,Safety & Survival,463,2023-02-12,2024-05-19,373327.37,4981,4,"['google_paid_search_spend', 'google_pmax_spend', 'google_display_spend', 'meta_facebook_spend']",0.526046970389311,0.5925184929446196,0.5089524185619876,2.4083023243372272,0.39139550541735035
429c8d00704a9ef6307b49f22d5dfade,Netherlands,Business & Industrial,642,2022-08-18,2024-05-20,113598.97999999998,6072,2,"['google_shopping_spend', 'google_pmax_spend']",0.6120498520880407,0.6021879442627414,0.5872692753973172,6.621725174612736,0.3890476753094384
32519ca78d88828bfd349fc71de7e7c8,All Territories,Business & Industrial,702,2021-01-23,2022-12-25,82619.47,8065,3,"['google_paid_search_spend', 'google_shopping_spend', 'google_pmax_spend']",0.525103638333289,0.47171667184944827,0.48610454703916445,5.833523359039406,0.3885701688359977
54e10037bed257ee57ec2cd851bf27a4,All Territories,Business & Industrial,1035,2020-04-08,2023-02-06,988646.4223137931,55138,4,"['google_paid_search_spend', 'google_shopping_spend', 'google_pmax_spend', 'google_display_spend']",0.4292540241313119,0.378641394538249,0.25746879029340436,7.748806194420548,0.3879387408146876
eee3213700d652277941b8370c8c4dcf,Switzerland,Sports,569,2022-07-31,2024-02-19,140543.39,4824,3,"['google_paid_search_spend', 'google_pmax_spend', 'meta_facebook_spend']",0.6188254758283854,0.6128357527950762,0.5104557695476793,7.228787501115457,0.38625857028038046
84ede2686ee278b4e36b0b726f159b48,All Territories,Home & Garden,623,2021-08-04,2023-04-18,2011571.7579688942,7665,5,"['google_paid_search_spend', 'google_shopping_spend', 'google_pmax_spend', 'google_display_spend', 'meta_facebook_spend']",0.6388789633808303,0.6321832587272079,0.26568942003312035,3.6968652416621177,0.3825438942497895
4b0d65948094e2ba39833fd78c03387c,All Territories,Beauty & Fitness,766,2021-05-26,2023-06-30,1122715.954285141,52336,5,"['google_paid_search_spend', 'google_shopping_spend', 'meta_facebook_spend', 'meta_instagram_spend', 'meta_other_spend']",0.3845669198110527,0.4231099874358648,0.2622382942476358,2.1891720942786685,0.37649425678309445
e6e7a979bc3314113a98956efb09ede3,All Territories,Beauty & Fitness,923,2021-03-24,2023-10-02,63898.44,40147,3,"['google_paid_search_spend', 'google_pmax_spend', 'meta_facebook_spend']",0.7641626423688503,0.622588742221041,0.24805427521720552,5.897620791577822,0.3726143857512185
9faf9deecf26fb7ac73035dbe0971beb,All Territories,Sports,571,2022-11-10,2024-06-02,45768.10831973099,6251,2,"['google_pmax_spend', 'meta_facebook_spend']",1.0386486622871371,0.596736049549455,0.41544988614473893,6.042038833070915,0.37002467501902286
75d7dc601d55a71ee1d7932b560934ed,All Territories,Apparel,1438,2020-06-12,2024-05-19,183102.81200480822,46327,2,"['google_pmax_spend', 'meta_facebook_spend']",0.9983937236302202,2.8244511809457844,-0.18193000620947739,6.98739630495792,0.3651506230768998
11c423eea4b114b963a22a0018da9969,All Territories,Sports,872,2022-01-13,2024-06-02,265045.80941788503,32363,6,"['google_paid_search_spend', 'google_shopping_spend', 'google_pmax_spend', 'google_display_spend', 'meta_facebook_spend', 'meta_instagram_spend']",0.7836036319851948,0.586193919991688,-0.03280056277199057,4.032531482730239,0.3528606487496331
4ff06c5b913ea7e00d09ce9efe208c46,All Territories,,625,2022-09-17,2024-06-02,325548.52,5761,3,"['google_paid_search_spend', 'google_pmax_spend', 'meta_facebook_spend']",0.38641332370655673,0.5859869554956179,0.43045350667172955,2.1289549144649165,0.34701210738759425
d0f788f460b813f4729d73e4e245279e,All Territories,Home & Garden,1173,2020-04-14,2023-06-30,614973.83466454,51062,4,"['google_paid_search_spend', 'google_shopping_spend', 'google_pmax_spend', 'google_display_spend']",0.4977825178003302,0.4230538438102041,0.02674056030964277,7.343387418562422,0.3452761480282657
8899298cad9186617943d1d8decb0ae2,All Territories,Food & Drink,574,2022-01-11,2023-08-07,289436.3760603678,13932,6,"['google_paid_search_spend', 'google_shopping_spend', 'google_pmax_spend', 'google_display_spend', 'google_video_spend', 'meta_facebook_spend']",0.5835475656312794,0.4200181905046395,0.17302014747429773,5.921177033813761,0.34221397042277873
560f5cf4dce8824a907c84162e553de0,All Territories,Apparel,1033,2020-09-01,2023-06-30,1015085.4500000001,1052380,4,"['google_paid_search_spend', 'google_shopping_spend', 'google_pmax_spend', 'meta_facebook_spend']",0.5819953592975282,16.455117036100276,-0.07192288878452598,8.202575592923212,0.3256866861296386
3f4463f3b51fc2056b97766e2373747d,All Territories,Pets & Animals,462,2023-02-27,2024-06-02,33947.92,12475,2,"['google_paid_search_spend', 'google_pmax_spend']",0.40462077323874635,0.3341649950408735,0.4950678025223507,5.03317925853115,0.31494472533357815
f1504c791a2b4aa6fac0861259e0e212,All Territories,Consumer Electronics,827,2021-03-26,2023-06-30,9150.15,10591,3,"['google_paid_search_spend', 'google_shopping_spend', 'google_pmax_spend']",0.5231927824004821,0.5693242308082377,0.18082791179284796,3.4310797561440247,0.314643037271906
8c7d01375c3eca8e3ecfe8f1872b3136,All Territories,Apparel,505,2023-01-01,2024-05-19,1472049.47,37168,3,"['google_shopping_spend', 'google_pmax_spend', 'meta_facebook_spend']",0.22792801814591662,0.49786498587610123,0.2254911380868419,5.7689305127977395,0.2525417994371034
6dded930ff616b1ec8a3094208238208,All Territories,Home & Garden,465,2022-04-19,2023-07-27,419848.93,3762,3,"['meta_facebook_spend', 'meta_instagram_spend', 'meta_other_spend']",0.5882541207792586,0.5841095974806337,0.07928251276797933,8.323346272057616,0.23900079983179195
0d1fc3f1715b0c65776780e7ad8ac7df,US,Beauty & Fitness,594,2020-01-17,2021-09-01,520921.82,7865,2,"['google_paid_search_spend', 'google_shopping_spend']",0.5824455442447594,1.7801682678802897,-0.04248877950650275,3.365329663344486,0.20305323517833085
